label,rate
75th pct,0.020945354031075135
90th pct,0.02783839771174384
95th pct,0.036425391285716535
99th pct,0.04956945017647426
Max UK (March),0.06495173106919178
"Austin, TX",0.12638477630795006
