scenario,rate_used
percentile,0.04268442593521368
austin,0.12638477630795006
