BUA22NM,pct_chg_perm_rate,bua_21_pop,bua_21_pop_counterfact,pct_chg_y,pct_chg_c,pct_chg_c_newcomers
Greater London,1.4880708782744285,8808271,10721931.637531793,0.015852349239460967,-1.7219974099692376e-4,0.01707787309994961
Birmingham,7.216941676675819,1123562,1937690.7566624456,0.04456385528325734,-0.001352880153579151,0.01707787309994961
Rural areas,NA,17072782,15539877.605805762,0.01707787309994961,NA,NA
