BUA22NM,pct_chg_perm_rate,bua_21_pop,bua_21_pop_counterfact,pct_chg_y,pct_chg_c,pct_chg_c_newcomers
Greater London,0.22838614197543491,8808271,9101975.80696655,0.0026274733872392237,-4.743641000535097e-6,0.008406645311024374
Birmingham,3.0568280542779878,1123562,1468396.6591469913,0.021644279552051008,-3.2063676246019135e-4,0.008406645311024374
Leeds,1.386284860667503,537067,607427.8881031792,0.009897508448654257,-6.720964830411059e-5,0.008406645311024374
Sheffield,1.1116319674517576,505453,533794.0570101825,0.004373941613171198,-1.3140849506389561e-5,0.008406645311024374
Liverpool,1.480737864345353,506863,545467.3168613476,0.005889446135915659,-2.381714445683549e-5,0.008406645311024374
Rural areas,NA,17072782,16709959.271911748,0.008406645311024374,NA,NA
