BUA22NM,pct_chg_perm_rate,bua_21_pop,bua_21_pop_counterfact,pct_chg_y,pct_chg_c,pct_chg_c_newcomers
Greater London,0.22838614197543491,8808271,9101975.80696655,0.0026274733872392237,-4.743641000535097e-6,0.0032263273260966234
Oxford,0.11681000135743384,171135,174164.00014519962,0.001404558763289427,-1.3558932610987124e-6,0.0032263273260966234
Cambridge (Cambridge),0.3206911751712168,150544,156613.40118129045,0.003167000824063838,-6.8910084906298646e-6,0.0032263273260966234
Rural areas,NA,17072782,16872312.791706957,0.0032263273260966234,NA,NA
