BUA22NM,pct_chg_perm_rate,bua_21_pop,bua_21_pop_counterfact,pct_chg_y,pct_chg_c,pct_chg_c_newcomers
Greater London,1.4880708782744285,8808271,10721931.637531793,0.015852349239460967,-1.7219974099692376e-4,0.018871679146978945
Birmingham,7.216941676675819,1123562,1937690.7566624456,0.04456385528325734,-0.001352880153579151,0.018871679146978945
Leeds,3.833323784418833,537067,731627.3486781778,0.02504024528278186,-4.288458436280601e-4,0.018871679146978945
Sheffield,3.2770254215872527,505453,589000.763123367,0.012312981989027865,-1.0396550237787893e-4,0.018871679146978945
Liverpool,4.024634535582988,506863,611789.2469771841,0.015165616788152038,-1.5762566967454777e-4,0.018871679146978945
Rural areas,NA,17072782,15388490.247027032,0.018871679146978945,NA,NA
