BUA22NM,pct_chg_perm_rate,bua_21_pop,bua_21_pop_counterfact,pct_chg_y,pct_chg_c,pct_chg_c_newcomers
Greater London,1.4880708782744285,8808271,10721931.637531793,0.015852349239460967,-1.7219974099692376e-4,0.012038307938273343
Rural areas,NA,17072782,15974686.362468205,0.012038307938273343,NA,NA
