BUA22NM,pct_chg_perm_rate,bua_21_pop,bua_21_pop_counterfact,pct_chg_y,pct_chg_c,pct_chg_c_newcomers
Greater London,1.4880704674365572,8808271,10721932.597264348,0.0158523565138704,-1.7219989877996714e-4,0.018871731537090857
Birmingham,7.216941676675819,1123562,1937690.7566624456,0.04456385528325715,-0.0013528801535794503,0.018871731537090857
Leeds,3.8333159606936316,537067,731630.784900966,0.025040630425195932,-4.2885900193023524e-4,0.018871731537090857
Sheffield,3.2770254215872527,505453,589000.763123367,0.012312981989027687,-1.0396550237867951e-4,0.018871731537090857
Liverpool,4.024634535582988,506863,611789.2469771841,0.015165616788152092,-1.5762566967442255e-4,0.018871731537090857
Rural areas,NA,17072782,15388485.851071693,0.018871731537090857,NA,NA
