BUA22NM,pct_chg_perm_rate,bua_21_pop,bua_21_pop_counterfact,pct_chg_y,pct_chg_c,pct_chg_c_newcomers
Greater London,1.4880708782744285,8808271,10721931.637531793,0.015852349239460967,-1.7219974099692376e-4,0.012516836984166438
Oxford,1.262053634589035,171135,203861.31279852826,0.014097420884265235,-1.3623287555485056e-4,0.012516836984166438
Cambridge (Cambridge),1.6750067328682328,150544,182245.17742626418,0.015405256928260358,-1.6263843876000944e-4,0.012516836984166438
Rural areas,NA,17072782,15932787.872243412,0.012516836984166438,NA,NA
