label,rate
75th percentile (Rugby),0.04494261612537817
95th percentile (Frome),0.06549712798762455
Max UK permitting rate (Bideford),0.11020616163645706
"Austin, TX permitting rate",0.12638477630795006
